,0,1,2,3,sex,age
0,0.97965292661,0.49243218328,0.154724347566,0.301245859391,boy,15
1,0.455099113026,0.653805762354,0.643483592656,0.653642516945,boy,15
2,0.618000060616,0.974242667784,0.576402811281,0.351890664149,girl,15
3,0.97965292661,0.49243218328,0.154724347566,0.301245859391,boy,18
4,0.455099113026,0.653805762354,0.643483592656,0.653642516945,boy,16
5,0.618000060616,0.974242667784,0.576402811281,0.351890664149,girl,16
